,X,Y
0,1.764052345967664,189.68583758731904
1,0.4001572083672233,911.5448123711503
2,0.9787379841057392,-402.946564738043
3,2.240893199201458,-3542.4036177295256
4,1.8675579901499675,-419.27561196035526
5,-0.977277879876411,240.35181783507198
6,0.9500884175255894,560.1727178650916
7,-0.1513572082976979,-1797.7488629717393
8,-0.10321885179355784,-29.109899092004614
9,0.41059850193837233,258.08039872912286
10,0.144043571160878,-980.6320633164421
11,1.454273506962975,1638.79584405055
12,0.7610377251469934,180.5157916146711
13,0.12167501649282841,1583.152778551304
14,0.44386323274542566,-771.5490915717229
15,0.33367432737426683,-888.0665507884227
16,1.4940790731576061,170.91600051228286
17,-0.20515826376580087,-1658.2085183936651
18,0.31306770165090136,234.2513343420964
19,-0.8540957393017248,128.64011392301842
20,-2.5529898158340787,14004.995353833721
21,0.6536185954403606,719.8250397335346
22,0.8644361988595057,-398.22581014952266
23,-0.7421650204064419,-1070.3412279103306
24,2.2697546239876076,-2393.9045306177113
25,-1.4543656745987648,-627.4082977056028
26,0.04575851730144607,-1025.616605128938
27,-0.1871838500258336,-1064.430063475082
28,1.5327792143584575,1041.7404830385342
29,1.469358769900285,-560.461081095485
30,0.1549474256969163,-734.0309175139225
31,0.37816251960217356,156.81310445416085
32,-0.8877857476301128,-173.8338088709595
33,-1.980796468223927,813.8650232446693
34,-0.3479121493261526,775.0866803688857
35,0.15634896910398005,1084.985837885939
36,1.2302906807277207,997.1586578146246
37,1.2023798487844113,780.8040385082758
38,-0.3873268174079523,423.97442610941505
39,-0.30230275057533557,-1755.034062615128
40,-1.0485529650670926,1714.4901013462804
41,-1.4200179371789752,446.05854259276765
42,-1.7062701906250126,1077.1084889332883
43,1.9507753952317897,126.67718461914956
44,-0.5096521817516535,1455.8470260582553
45,-0.4380743016111864,440.148477898446
46,-1.2527953600499262,515.0075653509416
47,0.7774903558319101,-580.2253754000187
48,-1.6138978475579515,349.9441680982118
49,-0.2127402802139687,-833.6575248495417
50,-0.8954665611936756,-686.412005489323
51,0.386902497859262,-874.4721511147894
52,-0.510805137568873,-133.51540459793839
53,-1.180632184122412,1112.7914494795075
54,-0.028182228338654868,3191.031278355376
55,0.42833187053041766,208.50675758780383
56,0.06651722238316789,-1328.5476922843511
57,0.3024718977397814,1284.2959941094723
58,-0.6343220936809636,-276.3199977285818
59,-0.3627411659871381,-639.4233026531741
60,-0.672460447775951,235.13972829220805
61,-0.3595531615405413,-1219.459197917275
62,-0.813146282044454,252.10699422097647
63,-1.7262826023316769,422.3466121271514
64,0.17742614225375283,117.99945169912087
65,-0.4017809362082619,402.87029444509875
66,-1.6301983469660446,406.91931294013955
67,0.4627822555257742,35.273890364788535
68,-0.9072983643832422,318.51171677335856
69,0.05194539579613895,435.295967195965
70,0.7290905621775369,-1012.5975116573942
71,0.12898291075741067,-1410.2593317877518
72,1.1394006845433007,-44.67679713577017
73,-1.2348258203536526,-1357.6962082724904
74,0.402341641177549,106.59730563744239
75,-0.6848100909403132,964.3321199320166
76,-0.8707971491818818,639.3425069350694
77,-0.5788496647644155,-1024.7065891659363
78,-0.31155253212737266,-839.3636110771338
79,0.05616534222974544,348.1880007710425
80,-1.1651498407833565,-340.361144374691
81,0.9008264869541871,-297.31258818810085
82,0.46566243973045984,615.8367293471518
83,-1.5362436862772237,-758.0843390352028
84,1.4882521937955997,-451.63736969326465
85,1.8958891760305832,-1550.0023767358884
86,1.1787795711596507,-1027.8717103201154
87,-0.17992483581235091,-836.6729102067532
88,-1.0707526215105425,725.109684279925
89,1.0544517269311366,70.68838049043458
90,-0.40317694697317963,-857.6960620609335
91,1.2224450703824274,-218.63567678987104
92,0.2082749780768603,-1619.2592500508467
93,0.9766390364837128,-713.9401180178475
94,0.3563663971744019,2168.7512893918024
95,0.7065731681919482,-71.39957162797927
96,0.010500020720820478,751.6379201647113
97,1.7858704939058352,-480.41596348474314
98,0.12691209270361992,367.90574049027293
99,0.40198936344470165,682.3247438255027
100,1.8831506970562544,-1806.8282401253684
101,-1.3477590611424464,79.05950565587796
102,-1.2704849984857336,1663.050491903285
103,0.9693967081580112,-776.1154087699815
104,-1.17312340511416,-504.10492819143485
105,1.9436211856492926,-1261.656137492784
106,-0.41361898075974735,290.5695269993417
107,-0.7474548114407578,552.2362914178083
108,1.9229420264803847,406.9903182778536
109,1.4805147914344243,452.8376340878972
110,1.8675589604265699,-709.385361892667
111,0.9060446582753853,1278.520371744188
112,-0.8612256850547025,735.8712295338489
113,1.9100649530990337,-2301.892734079981
114,-0.2680033709513804,2547.071353171974
115,0.8024563957963952,1788.9901037725854
116,0.947251967773748,-148.8151182677626
117,-0.1550100930908342,398.24824318902074
118,0.6140793703460803,1343.1296679943105
119,0.9222066715665268,-152.82074527374817
120,0.37642553115562943,749.4792793214374
121,-1.0994007905841945,1155.694669973223
122,0.298238174206056,-995.5024831299093
123,1.3263858966870303,-602.3421333740848
124,-0.6945678597313655,947.2369041131021
125,-0.14963454032767076,481.1388620231415
126,-0.43515355172163744,945.5213452920574
127,1.8492637284793418,-720.1564554133795
128,0.6722947570124355,-270.20587601933016
129,0.40746183624111043,-1979.585485112548
130,-0.7699160744453164,-1117.951862502188
131,0.5392491912918173,65.88192363898351
132,-0.6743326606573761,849.891287717898
133,0.03183055827435118,551.1145221832154
134,-0.635846078378881,-103.74738843598564
135,0.6764332949464997,-252.96791927308425
136,0.5765908166149409,235.9625591901947
137,-0.20829875557799488,98.70083256718966
138,0.3960067126616453,1423.6261703273963
139,-1.0930615087305058,196.75182383971958
140,-1.4912575927056055,-1290.432729528388
141,0.4393917012645369,-1253.5748126410058
142,0.16667349537252904,1538.405925826583
143,0.6350314368921064,-1152.3861578521721
144,2.383144774863942,-5673.415672358268
145,0.9444794869904138,-248.97412061224082
146,-0.9128222254441586,-135.23799936970923
147,1.117016288095853,-116.47070243241083
148,-1.3159074105115212,1319.617616161312
149,-0.461584604814709,-170.87207177959414
150,-0.06824160532463124,-13.180675992858067
151,1.7133427216493666,-1801.7614466206032
152,-0.7447548220484399,233.92532846797943
153,-0.8264385386590144,561.2326092310628
154,-0.0984525244254323,259.3491509705917
155,-0.6634782863621074,1422.9806681748396
156,1.126635922106507,72.55306917056191
157,-1.0799315083634233,347.68982465497106
158,-1.1474686524111024,1706.5123954723472
159,-0.43782004474443403,-1528.2659717049573
160,-0.4980324506923049,-433.46779231736195
161,1.9295320538169858,536.8163810722859
162,0.9494208069257608,955.5283182793137
163,0.0875512413851909,698.2015573157505
164,-1.225435518830168,905.5196532463312
165,0.8443629764015471,346.25950292210575
166,-1.0002153473895647,1672.3155894447489
167,-1.5447710967776116,615.1628776716087
168,1.1880297923523018,254.62169322948304
169,0.3169426119248496,178.23458276145465
170,0.920858823780819,212.2421443033319
171,0.3187276529430212,-1137.745900066627
172,0.8568306119026912,789.9029090715251
173,-0.6510255933001469,-105.62904399290252
174,-1.0342428417844647,1865.7186554831844
175,0.681594518281627,-56.84101454943998
176,-0.8034096641738411,450.17935606507757
177,-0.6895497777502005,272.30444581058583
178,-0.45553250351734315,-603.6459212118177
179,0.01747915902505673,1012.1018390923856
180,-0.35399391125348395,1926.1950517086784
181,-1.3749512934180188,106.72694021643375
182,-0.6436184028328905,-275.8246990961941
183,-2.2234031522244266,3565.069077703096
184,0.6252314510271875,-1873.5901088513938
185,-1.6020576556067476,123.63688307794052
186,-1.1043833394284506,302.7629572175951
187,0.052165079260974405,1074.6528173625304
188,-0.7395629963913133,987.1241932166832
189,1.5430145954067358,-498.81440421768065
190,-1.2928569097234486,-186.08601080129924
191,0.26705086934918293,1143.3077749148251
192,-0.0392828182274956,-153.38494391033544
193,-1.1680934977411974,-448.58248510623207
194,0.5232766605317537,1411.3540224600442
195,-0.1715463312222481,1057.9677099574772
196,0.7717905512136674,37.77563864226439
197,0.8235041539637314,-574.6465388782678
198,2.16323594928069,-4638.867167369424
199,1.336527949436392,587.8724943972911
200,-0.3691818379424436,-875.1433446657707
201,-0.2393791775759264,-1942.13810618243
202,1.0996595958871132,1602.9167558428703
203,0.6552637307225978,666.7526161263843
204,0.640131526097592,-1120.2319178195128
205,-1.6169560443108344,-893.4350430778734
206,-0.024326124398935636,891.0105242936324
207,-0.7380309092056887,-850.9402981255241
208,0.27992459904323824,1315.5197836329594
209,-0.09815038964295794,636.6622146408262
210,0.9101789080925919,555.9575034706279
211,0.31721821519130206,423.97066503576696
212,0.7863279621089762,210.4738236839576
213,-0.46641909673594306,902.5289318364787
214,-0.9444462559182504,-417.5664474301991
215,-0.41004969320254847,107.46934721773007
216,-0.017020413861440594,771.980658928468
217,0.3791517355550818,582.110603791099
218,2.259308950690852,-5129.517329660222
219,-0.04225715166064269,-480.32466837170637
220,-0.955945000492777,290.10764353396013
221,-0.34598177569938643,-386.93077353067184
222,-0.4635959746460942,1796.6481546327373
223,0.4814814737734622,-374.25220182424965
224,-1.5407970144446248,71.3238226548527
225,0.06326199420033171,789.302295277959
226,0.1565065379653756,350.2027286072485
227,0.23218103620027578,-125.78486234914936
228,-0.5973160689653627,-732.7211112276632
229,-0.237921729736007,322.10275854746226
230,-1.4240609089825316,1185.4289567270066
231,-0.49331988336219407,501.39913820052504
232,-0.5428614760167177,-755.2583877587418
233,0.4160500462614255,1755.8093726326722
234,-1.1561824318219127,-1387.1552551867487
235,0.7811981017099934,-1563.6767499222303
236,1.4944845444913688,907.0130901250965
237,-2.0699850250135325,2370.742754362142
238,0.42625873077810095,-530.4868802586809
239,0.6769080350302455,-1079.7665659971483
240,-0.637437025552229,2345.326678137921
241,-0.39727181432879766,138.51136455863383
242,-0.13288057758695562,554.4841276516518
243,-0.2977908794017283,338.71781660788656
244,-0.3090129690471222,455.6942786206699
245,-1.6760038063299767,952.3315827612607
246,1.15233156478312,748.8978229697556
247,1.079618592036821,-356.7264057152515
248,-0.8133642592042029,-261.98942189433455
249,-1.466424327802514,-1568.2629797659133
250,0.5210648764527586,-761.4658538333102
251,-0.5757879698130661,294.5276390837143
252,0.14195316332077967,1064.7263668860533
253,-0.3193284171450952,619.9776292736184
254,0.6915387510701866,-321.8703510585039
255,0.6947491436560059,-1244.3464955248194
256,-0.7255973784635843,-2750.6933610240517
257,-1.3833639553950554,1277.101756887013
258,-1.582938397335082,-311.0032155367671
259,0.6103793791072052,-429.69391312771984
260,-1.188859257784029,196.81986496671516
261,-0.5068163542986875,-1383.099579070219
262,-0.5963140384505081,-326.02710326805055
263,-0.05256729626954629,2043.5780322836986
264,-1.936279805846507,1746.3238043830543
265,0.18877859679382855,378.8439332877195
266,0.5238910238342056,-1563.6597222759365
267,0.08842208704466141,2263.421513741473
268,-0.3108861716984717,-1401.8993671179367
269,0.09740016626878341,1942.125311011093
270,0.3990463456401302,-2095.98249328131
271,-2.77259275642665,28291.7166273886
272,1.9559123082506942,604.4802165981461
273,0.39009332268792646,-805.31447670281
274,-0.65240858238702,447.42080789851804
275,-0.3909533751876011,568.8552000178738
276,0.49374177734918845,-794.9145726053354
277,-0.11610393903436653,-1428.8741951374725
278,-2.0306844677814944,512.0600055578991
279,2.0644928613593194,-1153.6921112728473
280,-0.11054065723247261,-64.88492376591483
281,1.0201727117157997,-545.111877493825
282,-0.6920498477843912,992.5328625511117
283,1.5363770542457977,430.17460766592694
284,0.28634368889227957,-736.1090892109709
285,0.6088438344754508,-1182.4302864486665
286,-1.0452533661469547,568.1622001451758
287,1.2111452896827009,-524.2882175893021
288,0.6898181645347884,118.02455989697272
289,1.3018462295649984,1580.1804321696918
290,-0.6280875596415789,526.6684027594512
291,-0.4810271184607877,-840.098001908662
292,2.303916697683942,-4553.725145895459
293,-1.0600158227215473,-906.1907756843838
294,-0.13594970067832082,1628.8125473509904
295,1.1368913626026953,-544.5302567188388
296,0.0977249677148556,227.07060935340564
297,0.5829536797532936,326.51190439397175
298,-0.3994490292628752,180.68707331033792
299,0.37005588784751875,-1939.4059446647334
300,-1.3065268517353166,-1351.3353445592913
301,1.658130679618188,-643.246699127347
302,-0.11816404512856976,339.6800103795769
303,-0.6801782039968504,-112.30626911230036
304,0.6663830820319143,-938.3537643708188
305,-0.4607197873885533,-1326.4630378964093
306,-1.3342584714027534,-296.75985829656406
307,-1.3467175057975553,-358.8929613938193
308,0.6937731526901325,531.6615099355802
309,-0.1595734381462669,-305.96845114593276
310,-0.13370155966843916,622.9925955179315
311,1.0777438059762627,-576.1213779629715
312,-1.1268258087567435,-201.088932941311
313,-0.7306777528648248,-321.2337434480981
314,-0.38487980918127546,-761.0351954609661
315,0.094351589317074,644.9257061161387
316,-0.042171451290578935,-793.511172569571
317,-0.2868871923899076,-500.8582878975329
318,-0.0616264020956474,-52.99484463663538
319,-0.10730527629117469,-1277.156306230241
320,-0.7196043885517929,-298.43876329862377
321,-0.8129929885540773,-681.6686675388506
322,0.2745163577239395,-368.77058301476876
323,-0.8909150829955279,-26.648477905112372
324,-1.1573552591908536,-740.2964053798149
325,-0.3122922511256933,-199.17326442479217
326,-0.1576670161638159,1329.0137827503559
327,2.2567234972982093,-3918.819141891789
328,-0.7047002758562337,1171.3531679641858
329,0.9432607249694948,365.8927009323643
330,0.7471883342046318,793.0842361904786
331,-1.188944955203736,-709.196646645317
332,0.7732529774025997,123.89483864716394
333,-1.1838806401933177,198.21541942674537
334,-2.659172237996741,17976.256353578407
335,0.6063195243593807,-804.0567777499969
336,-1.7558905834377194,-910.8218299283722
337,0.45093446180591484,1515.099002535106
338,-0.6840108977372166,-946.837165399665
339,1.6595507961898721,1153.532118202972
340,1.068509399316009,-448.81665414061285
341,-0.45338580385138766,-840.602614412994
342,-0.6878376110286823,648.1788815513971
343,-1.2140774030941206,-560.8270808704071
344,-0.4409226322925914,590.2347540573195
345,-0.2803554951845091,-312.05703231177694
346,-0.3646935443916854,501.6221134694376
347,0.15670385527236397,-948.5165299634816
348,0.5785214977288784,850.132828277142
349,0.349654456993174,507.1661447712885
350,-0.764143923906443,-891.7957988305421
351,-1.4377914738015785,2797.2767358000206
352,1.3645318481024713,532.5373757207366
353,-0.6894491845499376,2316.1668242569076
354,-0.6522935999350191,1625.1057751520234
355,-0.5211893123011109,-166.19741639957536
356,-1.8430695501566485,426.9499044144609
357,-0.4779740040404867,-381.3225987606194
358,-0.47965581400794766,-1807.8741639826121
359,0.6203582983435125,-677.0639729287437
360,0.698457149107336,265.5977772238127
361,0.00377088908626934,1545.9500187869344
362,0.9318483741143037,-753.3808316372385
363,0.339964983801262,901.2743330230567
364,-0.01568211160255477,-1232.5619535352241
365,0.16092816829822298,-566.660180929568
366,-0.19065349358139935,-437.20449398181427
367,-0.3948495140334503,393.21383441128484
368,-0.26773353689396645,478.0116637332176
369,-1.1280113314700069,1017.383128412859
370,0.280441705316296,790.2055660773487
371,-0.9931236109295807,283.2967321653278
372,0.8416312640736364,409.55011411005944
373,-0.24945858016094885,1609.1614857896257
374,0.04949498165009074,-491.0258386856009
375,0.49383677628095635,793.6080721081869
376,0.6433144650629279,-1789.3661893396265
377,-1.5706234086334527,675.6171455714762
378,-0.20690367616397173,-462.76426283371165
379,0.8801789120807822,21.86527380241917
380,-1.6981058194322545,1493.0021056379956
381,0.3872804753950634,183.7451576251653
382,-2.2555642294021894,5317.3880463730075
383,-1.0225068436356035,1516.4540930752908
384,0.0386305518401881,409.0163841374526
385,-1.6567151023219537,1550.8316931248287
386,-0.9855107376841507,-287.0464558272679
387,-1.4718350074635869,168.31057726394505
388,1.6481349322075596,-701.2610806873008
389,0.16422775548733395,1062.62983703738
390,0.5672902778526694,432.88062791327235
391,-0.2226751005151545,-486.69827512957687
392,-0.35343174875719907,175.79685599789903
393,-1.6164741886510325,1361.8831458333298
394,-0.2918373627478628,-18.462604128598205
395,-0.7614922118116233,-921.1654665122875
396,0.8579239242923363,151.1447623610993
397,1.1411018666575734,-1963.6648005786096
398,1.4665787155741776,728.4281808678473
399,0.852551939461232,-402.11016297234136
400,-0.5986539369229861,-445.51505695462595
401,-1.1158969859603944,929.0146546901713
402,0.7666631816450861,-1346.1922417399905
403,0.3562928174722889,1966.275579973508
404,-1.7685384506770307,131.28790044353235
405,0.35548179274376907,-504.07199241790664
406,0.8145198224878663,1040.3288731993534
407,0.058925589181629955,728.5763148780642
408,-0.18505367100934153,2471.6495770330043
409,-0.8076484876163557,-181.78004008761832
410,-1.4465346995633879,39.30404391067965
411,0.8002979493400275,-1460.2535084801402
412,-0.3091144447717088,-311.21545899841846
413,-0.23346666154369272,-700.8582939422348
414,1.7327211869191332,-753.4272318325679
415,0.6845011068591904,-1725.3748189905525
416,0.3708250012811021,1679.7486896365476
417,0.14206180518723566,-1396.9007353175011
418,1.5199948607657727,-2869.8692104170136
419,1.7195893074161945,-1469.9003780801136
420,0.9295051114795281,-584.450789287817
421,0.5822245913979243,-1130.7743526689437
422,-2.0946030712061448,3465.5809566230755
423,0.12372191423350658,-118.09564231733742
424,-0.130106954193704,45.6618984166723
425,0.09395322938556872,630.1996609724158
426,0.9430460873225178,305.4107145586389
427,-2.7396771671895563,25168.650424268493
428,-0.5693120534701851,-1086.164313154257
429,0.26990435494076137,-528.1228336151493
430,-0.4668455460527625,687.9891595715541
431,-1.4169061131262595,-2392.1985744573176
432,0.8689634868967954,-1355.920338221836
433,0.27687190584612803,520.3698803567551
434,-0.9711045704444846,-441.8449813850031
435,0.3148172045158238,955.3888523965533
436,0.8215857120497958,828.3054690749118
437,0.005292646299360854,-1178.103466365339
438,0.8005648034309968,425.72032915405055
439,0.07826017516166135,1221.5388345314302
440,-0.39522898265435435,168.83992064473725
441,-1.159420516399913,-917.5025258607293
442,-0.08593076697161273,899.566155823409
443,0.19429293804577166,655.0061829915501
444,0.8758327615873309,561.8935070962337
445,-0.11510746848722672,736.1800147935984
446,0.4574156062209908,-2975.6665181073536
447,-0.9646120137337284,918.8621996458028
448,-0.7826291558275251,1836.6223543024023
449,-0.11038929902688775,456.86880926024537
450,-1.0546284639850139,238.60478397418308
451,0.8202478373246812,715.5598498982724
452,0.4631303293186071,357.1606046038941
453,0.2790957643924534,671.15327781702
454,0.33890412521594454,20.69140072950251
455,2.0210435614847975,-2152.3918496486685
456,-0.46886418796679563,-982.2803263504776
457,-2.201441285500558,2603.9919145182903
458,0.1993001968964652,-1353.47287335127
459,-0.050603540961665895,-1047.6399608758943
460,-0.5175190425104033,1783.8572926888078
461,-0.9788298593587699,793.087021643917
462,-0.43918952180214793,-603.2670297018316
463,0.18133842921782128,-370.7803364783273
464,-0.5028167006425383,134.97066086536222
465,2.4124536795437486,-7858.889349492232
466,-0.960504381633148,105.14468496179224
467,-0.7931173627076716,806.4758918168766
468,-2.2886200400145285,4985.895067365201
469,0.251484415021537,355.4573316216125
470,-2.01640662779976,2612.9066710995758
471,-0.5394546333745014,-249.2536004113644
472,-0.27567053456055696,305.52541252100076
473,-0.7097279658468882,-283.15249787772905
474,1.738872677454511,-344.5675618233544
475,0.9943943913154989,-305.40786187042767
476,1.3191368763015756,-527.6573498980284
477,-0.8824188185499185,206.53835588755425
478,1.1285940645145685,583.8662221873077
479,0.4960009463439622,165.18063388316384
480,0.7714059486768455,517.7098030393795
481,1.0294388287827672,-718.8113805719898
482,-0.9087632459590531,-1169.4530022350327
483,-0.4243176209779015,438.67588443263884
484,0.8625960113284511,707.1277390120723
485,-2.655619092974933,18420.89433288927
486,1.5133280825732052,1284.264164128441
487,0.553132064207584,926.500131087859
488,-0.045703960660234855,2700.662865136214
489,0.2205076557571733,-181.29022135586501
490,-1.0299352833089765,-955.460643679851
491,-0.34994336458910474,-719.0296009848537
492,1.1002843382203737,-547.415710542582
493,1.2980219723262212,480.4585503634368
494,2.6962240525635797,-22064.003319139665
495,-0.07392466628041514,1338.7015899961802
496,-0.6585529668050037,-214.3220383782999
497,-0.5142339659399888,-224.24314017526365
498,-1.0180418752873648,-1037.063566851952
499,-0.07785475594085076,-94.06664310116507
500,0.38273243001226814,32.35201764157674
501,-0.03424228053195387,-101.87618838947567
502,1.0963468456657985,357.2286596022941
503,-0.23421580134453654,-569.056421355698
504,-0.3474506524985633,-874.723252413619
505,-0.5812684768603252,571.8310719607463
506,-1.6326345262344952,441.6097603193576
507,-1.567767724308454,458.33915334029064
508,-1.1791579306376878,1122.4541970982893
509,1.3014280716647608,-1018.6225025840672
510,0.8952602728899299,-835.9098461171499
511,1.3749640663929898,1247.191522999921
512,-1.3322116545945017,-1378.845804642937
513,-1.9686246897860202,109.52520578595886
514,-0.6600563201340829,842.8696913405632
515,0.175818953296028,257.82549957361937
516,0.4986902749098275,124.10396149714116
517,1.0479721559680528,-72.71584474625584
518,0.2842796708072146,50.62642122497528
519,1.7426687806556311,-415.3427214383633
520,-0.22260568094832048,1375.9786579271265
521,-0.9130792180417964,-363.6126288433874
522,-1.6812182154944335,260.1127286915376
523,-0.8889713580954499,1827.623348399308
524,0.242117960985123,46.974663392516604
525,-0.8887202573536308,2265.177429215634
526,0.9367424635352571,-85.58473135525144
527,1.412327706037443,1347.109926929868
528,-2.369586905226603,5123.921831534856
529,0.8640523004976479,172.8949205734546
530,-2.2396040586617367,2586.4014829273965
531,0.4014990550902875,863.5221022010745
532,1.2248705641936597,-1200.5906176963356
533,0.06485610634357618,303.63838227032795
534,-1.2796891732042395,-195.39653814130384
535,-0.5854312042777726,-1134.6320088460336
536,-0.2616454457109007,-1598.6823401717515
537,-0.18224478378994294,-490.62862472066735
538,-0.20289684076666706,1761.1023045558236
539,-0.1098827793093138,-273.25587095878365
540,0.2134800489101689,936.7569746871184
541,-1.2085736537332212,12.154355487600604
542,-0.2420198298702195,897.3301855391886
543,1.5182611703557054,-1893.55051596179
544,-0.38464542314251776,-381.85816553484085
545,-0.4438360931551978,971.2076419092203
546,1.0781973037142378,-144.73431974117761
547,-2.5591846663440965,13182.0682813143
548,1.1813786012882859,-415.341151001048
549,-0.6319037580051673,1173.7949118682373
550,0.16392857245258663,317.1672868341216
551,0.09632135592119682,63.82513233423616
552,0.9424681192203938,662.452527957463
553,-0.2675947462353477,608.9263830155381
554,-0.6780257815644504,238.0084883676059
555,1.2978457906510987,1551.4834311763525
556,-2.36417381714118,6585.9917946864125
557,0.02033418170524325,298.04033086764576
558,-1.3479254226291204,-532.8906912365563
559,-0.761573388256559,177.8852382251294
560,2.011256681463137,264.53366776441226
561,-0.044595426455857026,-623.167839249
562,0.19506969715138117,-1114.0130234191292
563,-1.7815628557055914,1643.1645021381928
564,-0.7290446587946957,-122.00103438060543
565,0.19655740072878491,115.58045172362722
566,0.3547576931132181,-25.932553513093502
567,0.6168865543932788,97.89266190941574
568,0.008627898917576322,870.5134239274192
569,0.5270042084546597,-820.2935067785133
570,0.453781912635684,-992.820479720614
571,-1.8297404110045314,878.1524869685275
572,0.03700572191014953,-1586.5139861994685
573,0.7679024077327037,-1354.0797373691519
574,0.5898798207345195,1885.4592694218331
575,-0.3638588099707899,778.6606638591018
576,-0.8056265075393678,19.29049007622666
577,-1.1183119243216322,1291.6619709054194
578,-0.13105401154141233,-1020.3206669352056
579,1.133079879559722,-298.4264817285257
580,-1.951804101481602,1947.0111610679894
581,-0.659891729729498,915.6758854927837
582,-1.139802455426774,569.7255703517291
583,0.7849575212405001,-2522.219638150405
584,-0.5543096265713009,-944.9941768387936
585,-0.4706376581547914,499.1285249573023
586,-0.216949569936649,-335.4341707549328
587,0.4453932508947973,2559.2023692091707
588,-0.39238899814963674,947.9432340355597
589,-3.0461430547999266,62584.79256300804
590,0.5433118913875197,-1098.138231364232
591,0.43904295767204254,-16.31267897083159
592,-0.21954102833121325,261.7297691777213
593,-1.0840366206719345,1176.9860823395934
594,0.3517801106813583,900.3192577528653
595,0.37923553353558676,1052.1098771323393
596,-0.4700328827008748,-901.8577530582494
597,-0.21673147057553863,1432.6683108281034
598,-0.9301565025243212,-1344.8490642492789
599,-0.17858909208732915,-515.5130350785755
600,-1.550429345083481,673.793527606166
601,0.4173188210318355,-130.8600352069991
602,-0.9443684908242939,-969.5281627790449
603,0.23810314783231212,-802.074890300251
604,-1.4059629162678993,-1411.7324209894641
605,-0.5900576458695397,555.6230099358423
606,-0.11048940506592783,1280.7994072566096
607,-1.6606998118692633,285.87821305877424
608,0.11514787314009216,-380.5865132463179
609,-0.37914756287992274,-1451.0305259818874
610,-1.7423561978092306,1460.157607396039
611,-1.3032427541123157,2305.3201372206536
612,0.6051200840821667,-1778.6840719000638
613,0.895555985551324,-1044.1016636206296
614,-0.13190863977996706,-659.3124264961414
615,0.4047618120404975,-545.2576889168795
616,0.2238435633129107,246.85606990641014
617,0.32962298212773805,1633.493344546407
618,1.285984007080293,1014.6434435951913
619,-1.506998398214272,730.9603365599519
620,0.6764607323616232,-705.1250272250782
621,-0.3820089555778202,-1098.3163085680767
622,-0.22425893425164034,-776.2338209660205
623,-0.30224973045507003,1568.920486819384
624,-0.37514711666128386,-40.47776667166565
625,-1.226196191783019,-373.7949660789227
626,0.18333919925760125,-164.14808653783456
627,1.6709430327888573,617.0705221379416
628,-0.056133020448757114,-1292.7362480035754
629,-0.001385042735095726,1434.8769060238712
630,-0.6872990371566635,182.12268185071798
631,-0.11747454641811148,-196.0973976350385
632,0.46616642603403075,461.7753963233448
633,-0.3702424407043429,239.63033459368174
634,-0.45380404105200106,-322.3018062359469
635,0.4032645401632468,-233.64698135572596
636,-0.9180047698190454,-834.0325886784874
637,0.2524966270768724,675.8298059161291
638,0.8203217972614217,-512.8724121325595
639,1.3599485416794843,-962.8244934648957
640,-0.09038200727694681,186.04938391303412
641,1.3675972398067135,1320.8557398253029
642,1.034409886481518,-29.266280224583628
643,-0.9962126403710662,-567.7180330317303
644,-1.217938511593151,475.09763528022347
645,-0.30496363785442043,1957.5791213971845
646,1.0289354925948542,-1432.7810783515615
647,-0.0722870075600049,402.3499012259557
648,-0.6006575576577885,228.9173759753614
649,1.5522431800485608,1072.7895644581831
650,0.2869044880033464,1010.261387541607
651,-2.3205942757907416,5472.257887537059
652,0.31716062629268876,-1665.2418999022227
653,0.5200406145708678,825.403720004888
654,0.2256086544711038,-815.6869041252967
655,0.44971210023199254,-927.7785536262435
656,-0.06727560892298173,1168.4871636959783
657,-1.3183958696447342,-811.7597721896022
658,-0.37070400322045344,1424.0810077370752
659,-0.9456157955562914,372.4373395041166
660,-0.9327409107943778,354.86474119225426
661,-1.2630683491022754,389.4227148493178
662,0.4524890926396464,-1619.4674131730244
663,0.09789614541262709,-1756.5891193926134
664,-0.44816536268070806,237.3948598032785
665,-0.6493379277303881,592.7819674908452
666,-0.02342310502145217,102.65795848169657
667,1.0791947281124892,-803.0311268299793
668,-2.004215715498915,1661.4353366335906
669,0.37687652085089274,-62.907758334267236
670,-0.5457119740177824,-934.1931446755262
671,-1.8845858449794477,2013.7131853308792
672,-1.9457030831639588,-439.7909620776586
673,-0.9127834941352918,623.2604110902507
674,0.21950955579304526,403.84413863551333
675,0.3930629339800916,1028.7994563088457
676,-0.9389815726777853,-969.1608108756869
677,1.0170209914132446,120.61698523783528
678,1.4229834965161061,2147.442621612949
679,0.3960865849565602,681.1547564304315
680,-0.5914026678081108,124.25229355354723
681,1.1244191845103682,556.610272481631
682,0.7553956956633383,105.11963861653847
683,0.867407411354918,2210.1578521790343
684,-0.6564636749715315,1008.5647827286641
685,-2.8345545052747023,32617.59506010939
686,2.1167910214836754,-1891.9462639061867
687,-1.6108784034499337,-77.94912245449677
688,-0.03576807186022113,1229.9219534818787
689,2.3807453512197503,-7784.646868328079
690,0.330576756274374,-1585.497141852551
691,0.9492464735582357,1478.113924911022
692,-1.5023965693817127,2352.7203008503793
693,-1.7776669547337063,1104.0774020925478
694,-0.5327027919795545,135.52493817796716
695,1.0907497344345,675.5541519481507
696,-0.34624944764730997,-625.9680330591475
697,-0.7946363210714987,200.17179145282458
698,0.19796728994496746,58.481578124457826
699,1.0819352184772653,645.019089420633
700,-1.4449401990733717,-1399.283271947793
701,-1.2105429941233516,-437.423094254228
702,-0.7886692545093662,873.7038076529712
703,1.0946383747120914,-657.3878287161355
704,0.2348215259487319,-973.8783088458699
705,2.1321534105704436,-252.5188977400485
706,0.9364457258311158,57.51276651616888
707,-0.03509517686967038,-558.8476750649609
708,1.265077838088766,-1683.8438596359224
709,0.21149701273187801,748.8865957602716
710,-0.7049213525074449,725.2329908836161
711,0.6799748442451024,-279.9520188924485
712,-0.6963266538610828,-1076.3568541338116
713,-0.29039710080386677,-3.750537539314273
714,1.327782695957983,-836.1093713600117
715,-0.10128148621739935,-921.8837400083172
716,-0.8031413873416283,-73.9620241803077
717,-0.46433769143549164,-1029.3934456908703
718,1.021790585588673,265.8269741295092
719,-0.5525406734167292,631.0547880298161
720,-0.38687084685064654,-818.2867575174284
721,-0.5102927396336285,-1345.7428229195843
722,0.18392549434030994,1580.8858594120486
723,-0.3854897603756083,-918.9342141674999
724,-1.601836048972537,-358.77334554043296
725,-0.8871809418450403,246.09571856223107
726,-0.9327890415064383,635.1187962877066
727,1.2433193844551549,-245.6084656774136
728,0.8126740421090424,479.89299084896135
729,0.587259379399826,-382.2089104793464
730,-0.5053583172644099,-948.7275466741709
731,-0.8157915419939713,1456.0671826853754
732,-0.507517601657357,2510.910465650276
733,-1.051880102551674,1741.5553468736678
734,2.497200391587007,-9744.085086675315
735,-2.245321648371402,6096.262323188065
736,0.5640085350738091,374.4953316372726
737,-1.2845522979925272,-389.0604151172436
738,-0.10434349149469264,486.5962630382586
739,-0.9880019424937344,-54.67918602247936
740,-1.1776289624826308,-919.9707345324013
741,-1.1401963009349616,-841.4526067249597
742,1.7549861537420586,454.5627778802971
743,-0.13298842230959199,-1826.2487647311339
744,-0.7657021944780863,632.0434948426852
745,0.555786964082873,-1610.7847453308896
746,0.010349314566299353,-2101.1971500678324
747,0.7200337593416528,-1819.9790403887735
748,-1.82425665593783,2741.7277715110595
749,0.3036039044620014,-176.92417775220568
750,0.7726948371023817,105.5693902586333
751,-1.6615982911145637,1807.0037778521626
752,0.44819528442331247,953.1447130836375
753,1.6961815728281606,-1635.1767826954847
754,-0.014857703354702717,889.0360783919305
755,0.8214059370248112,203.3058997535762
756,0.6705704503109099,-322.88046854354707
757,-0.7075056975105769,50.456415946157236
758,0.03976673458649517,1299.732134845835
759,-1.5669947108616025,-625.647386198883
760,-0.4513030371025261,422.756728156211
761,0.2656879749662359,9.748669683076923
762,0.7231004937377982,-1778.29131727412
763,0.024612125247911617,-782.3024817656546
764,0.7199837301431654,212.08102435404464
765,-1.1029062129553697,1348.913158074182
766,-0.1016972745548716,1021.5417922621383
767,0.019279384513077216,617.1739040197016
768,1.8495912466796365,-1403.8913309982477
769,-0.21416665620008424,1821.7223043747165
770,-0.4990166379941829,237.60936298574123
771,0.02135122384354861,-986.4082804489236
772,-0.9191134448699437,-148.00794252406195
773,0.19275384906521617,915.8337513852603
774,-0.36505521654625767,28.817411243396343
775,-1.7913275480411837,1560.692587841936
776,-0.05858655113386085,1123.8124549262727
777,-0.31754309393019925,421.4596477115169
778,-1.6324233020679833,-515.06659543982
779,-0.06713415461452177,155.59095006897863
780,1.4893559620744803,-5.784770718851746
781,0.5213037482757137,1878.184561928332
782,0.6119271927311578,-1607.5509457511314
783,-1.3414967255830426,-27.27822849287452
784,0.4768983689222224,-565.1843070500779
785,0.14844958138007808,354.79394880666564
786,0.5290452383344316,-2418.7362810894797
787,0.42262862170882565,1133.944247079307
788,-1.3597807255038137,128.65411733888678
789,-0.04140081155796743,-1824.6179068533347
790,-0.757870860425166,-333.46392231704016
791,-0.05008409428482209,629.0633265552437
792,-0.8974009269018305,-1557.8121600206512
793,1.3124703671409963,5.503983962007202
794,-0.8589723884443423,-1025.821699508188
795,-0.898942156465536,-522.2633233933822
796,0.07458640654355353,46.58702974156958
797,-1.0770990694039948,231.82951426001944
798,-0.4246633024328657,-449.10723765033225
799,-0.8299645975379619,303.1361691536763
800,1.4111720638896117,798.029347892564
801,0.7858038268311726,-259.8927721310182
802,-0.057469518465394644,1451.683944410701
803,-0.39121705217401626,1483.5906863514267
804,0.9409176145751134,-409.3047243841641
805,0.40520408032288807,-618.7813586368561
806,0.4980524046828567,-1645.3001325401933
807,-0.026192237344250482,-106.51683464580283
808,-1.6882300277714322,70.82009183647813
809,-0.11246598255955272,799.2862871974977
810,-0.5324899192090677,-1486.8774416559424
811,0.6450552734598769,-258.6127795200469
812,1.011842432994189,987.9854024430002
813,-0.6579510447611686,-705.3958239451649
814,0.46838523427705164,-743.4364795045886
815,1.7358789976857132,-1757.3993693927641
816,-0.667712720570559,2645.754397591866
817,1.6819217400731377,-970.1743677109389
818,-0.852585847170647,-1268.9966070502014
819,0.022959755607951444,-783.8963933833237
820,-0.011145611841841251,-754.2727808014439
821,0.011498899870062375,-249.41278519877812
822,-0.8376780419079453,856.046645095059
823,-0.5911831037644297,-274.65580044141353
824,-0.6677202863593994,-897.6425902172799
825,0.3269625954044574,-1432.0879755950157
826,0.33003511451031164,41.100114305461275
827,2.225944331738259,-3384.9516718310742
828,1.3709890062911214,1521.8552580944838
829,-0.5098432421384791,114.94456782399907
830,0.32486961579618606,-79.75249282123542
831,0.9971179807917595,-1031.341897805448
832,0.030601824338517807,-286.0139419237235
833,-0.06964157844693558,-418.3329131087017
834,0.05157494276988904,-350.26806677285833
835,0.8672766288084278,-939.9959167112083
836,-0.8483205228052325,569.4824566559648
837,-0.32566946882017417,-121.47423459086829
838,0.47043314484648185,-181.43228555610233
839,0.3114470715541555,-1694.7562568818933
840,0.23958275985639133,513.1153503098991
841,-0.3698011663038032,508.2457193771727
842,0.9725357891425369,-819.7491317924791
843,2.1338682472045374,-1321.803443995952
844,0.4064154936762062,-1345.7018293527794
845,-0.1931767015498399,-1.4263756862545733
846,0.7557402888945426,-252.26371776628025
847,-0.53913263675299,-1294.301039019761
848,-0.7496903447028966,217.09092568977564
849,0.0328087476137118,1722.5043344384771
850,-2.5827966329699446,14450.604502270584
851,-1.1539503636520094,-403.96663690929466
852,-0.34796185592084583,468.1196620117672
853,-1.3533888581477134,217.9811068578035
854,-1.0326431018921296,71.41053282743158
855,-0.4367483374580074,-403.8034465734299
856,-1.6429652935306092,1780.2504411522655
857,-0.4060717962598319,477.8499725114439
858,-0.5352701645328445,-505.84930102531814
859,0.025405208385016018,-88.0547414148794
860,1.1541840304940192,-724.4681431391512
861,0.1725044164928659,-588.658104113088
862,0.021062021342063624,-620.7679023247769
863,0.09945445703071175,-1114.5154266196582
864,0.22739277512112846,796.7783630214049
865,-1.016738648609769,-248.87999990508445
866,-0.11477532477079817,574.3679362342643
867,0.3087512418366131,-650.8291906418763
868,-1.3707599825430605,59.27211400082089
869,0.8656529228158533,-691.7856455553017
870,1.0813760344581897,738.1330584478723
871,-0.6313759884493888,-224.01426884929768
872,-0.24133779145310455,-710.272640548359
873,-0.8781903428100731,-1609.096606845768
874,0.6993804835878171,294.49966922846016
875,-1.0612222874459092,-661.7995098334346
876,-0.2224770102429203,4.756309424147073
877,-0.8589199078076716,-460.0806698184971
878,0.050954277011289496,974.0869459872044
879,-1.794229271489721,1226.3396338566636
880,1.3264616423656934,447.1886911948603
881,-0.964606424206264,-578.1968920374597
882,0.05989468311627605,486.1690936889473
883,-0.2125230447703092,1735.334649821163
884,-0.7621145119224981,-804.3982242394671
885,-0.8877801366359354,205.44974043369714
886,0.9363985435524596,-1629.8222408262898
887,-0.5256405931019397,1421.256451225494
888,0.2711701846373109,-378.52002913069344
889,-0.8014968853943748,811.766429717474
890,-0.6471814318477607,-1698.499401711364
891,0.47224715008784873,1816.457190205594
892,0.9304084961111163,-337.48185188787954
893,-0.17531640232701995,566.0497345986174
894,-1.4219198716404369,295.9469560028972
895,1.9979560797500047,-1497.7097722786177
896,-0.8565493082342095,1717.328891243223
897,-1.5415873996717875,-1413.7414623994243
898,2.594424587768152,-13717.335838445702
899,-0.40403229385093714,932.116721754322
900,-1.4617326882614081,139.71746325618915
901,-0.6834397667886818,-92.6189733435967
902,0.36754489602226903,-123.53854948587424
903,0.1903115575939397,-1208.0452834026532
904,-0.85172919725359,69.43770579277721
905,1.8227236001279594,3.530734432142367
906,-0.5215796779933731,91.24154707617386
907,-1.184686590411552,-207.82231771472553
908,0.9606933984606597,-470.33033702550165
909,1.3290628465396823,-279.7748444682859
910,-0.8174930976162265,1287.563615955132
911,-1.4013472930393105,-1952.4867618650635
912,1.0304382674156047,59.183700251316665
913,-2.0473236130579617,1629.7661263451607
914,-1.2266216593966155,1528.9459143296751
915,0.967446150050235,74.88000137249435
916,-0.05535254802238957,1505.0374152406744
917,-0.26393734859268786,-2103.2032774508198
918,0.35281660649437835,478.77048377279453
919,-0.15277442354540868,300.39025112733515
920,-1.2986867221630902,1483.092071311461
921,1.2760753460061875,-1634.076716466117
922,1.3250140528868153,-154.80976202519685
923,0.2053325637779597,85.61542806950521
924,0.045134015432010274,-475.88627272857735
925,2.339624806020058,-4216.5743983534385
926,-0.2764328450158372,-317.94415971358643
927,-0.25957698183403943,2055.432055466034
928,0.36448124924050557,1073.3346015474367
929,1.4713219561423383,908.4000080394984
930,1.5927707544174836,438.0961011796752
931,-0.25857263167677125,-1043.0300007790468
932,0.30833124595934525,-411.79856335969055
933,-1.3780834670640771,695.6764900365382
934,-0.31197610791621294,698.4579770210686
935,-0.8402903954793065,1337.9738754211337
936,-1.0068317522989838,-426.156828073415
937,1.6815767162673276,-1082.3654935521156
938,-0.7922866618061449,887.9451907730664
939,-0.5316059080114549,-786.8541475532471
940,0.3658487879168582,892.4651642964894
941,1.2978252669735855,1204.1909936563914
942,0.4811151263888354,475.05468084188846
943,2.759355114021582,-24929.293706841585
944,-0.07466797825114957,61.23437072245565
945,0.25871644022974605,612.8893727060808
946,0.27560067398405635,29.56638462308405
947,1.4350493867891545,2170.4152099223083
948,0.5072389511096153,-971.8124710404313
949,-0.1162297003871491,-982.4248818135014
950,-0.9474885949068795,-940.1759625292382
951,0.24444345596163258,-570.1207509315709
952,1.4013448312919596,-2195.9508421770165
953,-0.4103817936578706,-608.1304595634253
954,0.5289436184165822,-634.4564952898231
955,0.24614778868484416,97.96894789008653
956,0.8635196583813146,437.0495417605415
957,-0.8047537406378693,-1210.903276654552
958,2.3466470305265617,-4685.24173145692
959,-1.2791611070282582,1888.8885824315546
960,-0.3655510899860373,-187.08203657434822
961,0.9380925409056455,1593.767074728249
962,0.29673317249411335,218.3167437820914
963,0.8299861590811032,2007.8822485081926
964,-0.49610233398256237,1139.6189203875872
965,-0.07480498268034107,-1543.7522001902666
966,0.012231983638817386,38.60289593694269
967,1.5692596145359043,952.8249676642116
968,0.690429024383049,49.367087325966224
969,0.7966721083646714,-17.83147221276208
970,-0.6579260925367952,1294.7254720401338
971,0.9688826385630508,-690.4683177921044
972,0.22558166356880352,37.02146566078246
973,1.3891453156779274,309.9911193609096
974,2.014060154918468,-1674.6573678070204
975,-0.30676577602700456,0.7462602003202079
976,-0.40630313044506255,796.5116462274705
977,-0.8640449911023695,464.73462950500385
978,-0.14357951171632055,-788.4083636569886
979,-0.3820254489503836,-1082.8119474118732
980,0.35950439957101016,-769.9332027441985
981,-0.14456681693373594,21.560085715952376
982,-0.3615992807816198,-138.76165423315723
983,1.0645851361278518,-813.2235465240944
984,-0.9378802311514517,-562.0715563800206
985,0.43310795315134365,-1501.0425378608375
986,-0.4059417271884834,439.3393156380289
987,0.7243685048699644,-21.14301030339002
988,1.3852615467222305,-1272.4002330860328
989,-0.3030982534240727,49.47822847897845
990,0.44103290727315136,1361.6018697410848
991,0.17879286573317985,-720.3175130909879
992,-0.7994223995430966,1344.2460847699776
993,0.24078750974193844,-303.9892028119993
994,0.28912050527881217,217.1747560670949
995,0.4128708204461747,116.79242007325274
996,-0.19839889682004574,1421.982565261299
997,0.09419230031014657,178.24123518919822
998,-1.1476109448431353,-1083.8703781685927
999,-0.35811407547985674,-1289.8138516440447
